,a,b,c,d,e,f,g,h,i,j,k,l,truth
0,False,False,True,False,False,True,False,False,False,True,False,False,False
1,False,False,True,False,True,True,False,False,False,False,False,False,False
2,False,False,False,False,False,True,False,False,False,True,True,False,False
3,True,True,True,False,False,False,False,False,False,False,True,False,False
4,True,True,True,False,True,False,True,False,False,True,True,False,False
5,False,False,True,False,False,True,False,False,True,True,False,False,False
6,True,True,True,False,True,True,False,False,False,True,True,False,True
7,False,True,True,False,True,True,False,False,False,False,True,False,False
8,False,False,True,False,True,True,False,False,False,True,False,False,False
9,True,True,True,False,True,False,False,False,False,True,False,False,True
10,False,True,False,False,False,True,False,False,True,True,False,False,False
11,True,True,True,False,True,False,False,False,False,True,False,True,False
12,False,False,True,False,False,True,True,False,False,False,False,False,False
13,False,True,True,False,True,True,False,False,False,False,True,False,False
14,False,False,True,False,True,False,False,True,False,False,False,False,False
15,False,True,True,False,True,True,False,False,False,True,True,False,False
16,True,False,True,False,False,True,False,False,False,False,True,True,False
17,False,False,True,False,True,True,False,False,False,True,False,False,False
18,True,True,True,False,True,True,True,False,False,True,True,False,True
19,False,False,True,False,True,False,False,False,True,True,True,False,False
20,False,False,True,False,True,False,True,False,False,True,False,False,False
21,False,True,True,False,False,True,True,False,False,False,True,False,False
22,True,False,True,False,True,False,False,False,True,True,True,False,False
23,False,False,True,False,False,True,False,False,True,True,False,False,False
24,False,False,True,False,False,False,False,False,False,True,True,False,False
25,False,False,True,False,False,True,False,False,False,True,True,False,False
26,True,False,False,False,False,False,False,False,False,True,False,False,False
27,True,False,True,False,True,False,True,False,False,True,False,True,False
28,False,False,True,False,True,False,False,False,False,False,True,False,False
29,False,True,True,False,False,True,False,False,False,True,True,False,False
30,True,True,True,False,False,True,False,False,False,True,True,False,True
31,True,False,True,False,True,True,False,False,False,True,False,False,False
32,False,False,False,False,False,True,False,False,False,False,False,False,False
33,True,False,True,True,True,True,False,False,False,True,True,False,True
34,True,False,True,False,False,True,False,False,False,True,True,False,False
35,False,False,True,False,False,False,False,False,True,True,True,True,False
36,False,True,True,False,True,False,False,True,False,False,False,False,False
37,False,False,True,False,False,False,False,False,False,True,False,True,False
38,False,False,True,True,False,False,True,False,False,True,True,False,True
39,False,False,False,False,False,True,False,False,True,False,True,False,False
40,True,False,True,False,True,False,False,False,False,False,True,False,False
41,False,True,False,False,True,True,True,False,False,True,True,False,False
42,False,False,True,False,False,True,False,True,False,True,False,False,False
43,False,True,True,False,False,False,False,False,True,False,False,False,False
44,False,False,False,False,True,True,False,False,False,False,True,False,False
45,True,False,True,False,True,True,False,False,False,True,True,False,False
46,False,True,False,False,True,True,False,False,False,False,False,False,False
47,False,False,True,False,False,False,False,False,False,False,True,False,False
48,True,True,False,False,False,True,False,False,False,True,True,False,True
49,True,False,False,False,False,True,False,False,False,False,False,False,False
50,False,True,True,False,False,False,False,False,False,True,False,False,False
51,False,False,False,False,False,True,False,False,False,True,True,False,False
52,False,False,True,False,True,False,False,False,False,True,True,False,False
53,False,False,True,False,False,False,True,False,False,True,True,False,False
54,False,False,True,False,True,True,False,False,False,True,True,True,False
55,False,True,True,False,False,True,False,False,True,True,False,False,False
56,True,False,True,False,True,False,False,False,True,True,True,True,False
57,False,False,True,False,False,True,True,False,False,True,False,False,True
58,False,False,True,False,True,True,False,False,False,True,True,False,False
59,False,False,True,False,True,True,False,False,False,True,True,False,False
60,False,False,True,False,True,True,False,False,True,True,True,False,False
61,False,False,True,False,True,True,False,False,True,True,True,False,False
62,False,False,True,False,True,False,False,False,False,True,True,False,False
63,False,False,True,False,True,True,False,False,False,True,True,False,False
64,False,True,True,False,True,True,False,False,False,False,False,False,False
65,False,False,True,False,False,True,False,False,False,True,True,False,False
66,True,False,True,False,False,True,False,False,False,True,True,False,False
67,False,True,True,False,True,True,False,False,False,False,False,False,False
68,True,True,True,False,True,True,False,False,True,True,False,False,True
69,False,True,True,False,True,True,False,False,False,True,True,False,False
70,False,True,False,False,True,True,False,False,False,True,False,False,False
71,False,False,False,False,False,False,False,False,False,True,True,False,False
72,False,True,True,False,False,True,False,False,False,True,False,False,False
73,True,False,True,False,False,True,False,False,True,True,False,False,False
74,False,False,True,False,True,True,False,False,False,True,False,False,False
75,True,False,False,False,False,True,False,False,False,False,False,False,False
76,False,False,True,False,True,False,False,False,False,True,True,False,False
77,True,False,True,False,True,False,False,False,False,True,True,False,False
78,False,True,True,False,True,True,False,False,True,True,False,False,False
79,False,False,True,False,True,True,False,False,False,True,True,False,False
80,True,True,False,False,True,True,False,False,False,False,False,True,True
81,True,False,True,False,False,True,False,False,True,True,True,False,False
82,False,False,True,False,False,True,False,False,False,True,False,False,False
83,False,False,True,False,False,True,False,False,False,True,False,False,False
84,False,False,True,False,True,False,False,False,True,False,False,False,False
85,False,False,True,False,False,True,True,False,False,False,True,False,False
86,False,False,False,False,False,True,False,False,True,True,False,False,False
87,True,False,True,False,True,False,True,False,False,True,True,False,False
88,True,False,True,True,False,False,False,False,False,False,True,False,True
89,False,False,True,False,True,False,False,False,False,False,True,False,False
90,False,True,True,False,False,True,False,False,True,True,False,False,False
91,False,False,True,False,True,False,False,False,False,False,True,False,False
92,True,False,False,False,True,False,False,False,False,True,True,False,False
93,False,True,True,False,False,True,False,False,True,True,False,True,False
94,True,False,True,False,True,False,False,False,False,True,True,False,False
95,False,False,True,False,False,True,False,False,False,False,False,False,False
96,False,False,True,False,False,False,False,False,False,True,True,False,False
97,True,False,True,False,True,False,False,False,False,False,False,True,False
98,False,True,False,False,False,True,False,False,False,True,True,False,False
99,False,False,True,False,True,True,True,False,False,False,False,False,False
100,True,True,False,False,False,True,False,False,True,True,True,False,False
101,False,True,True,False,True,True,False,False,False,False,False,False,False
102,False,False,True,True,False,False,False,False,False,True,True,False,False
103,False,False,True,False,True,False,False,True,True,False,False,False,False
104,True,True,True,False,False,True,False,False,False,True,False,False,True
105,True,False,True,False,False,True,False,False,False,False,True,False,False
106,False,True,True,False,False,True,False,False,False,True,False,False,False
107,False,False,True,False,False,True,False,False,False,False,True,False,False
108,True,True,True,False,True,False,False,False,False,True,True,False,True
109,False,True,True,False,False,True,True,False,False,False,True,False,False
110,False,False,True,False,False,True,False,False,True,True,False,False,False
111,False,False,False,False,True,True,True,False,False,False,True,True,False
112,True,True,True,False,True,False,False,False,False,True,True,False,True
113,True,False,True,False,False,True,True,False,False,True,True,False,True
114,False,True,True,False,False,True,False,False,False,False,False,False,False
115,False,False,True,False,True,False,False,False,False,False,True,False,False
116,False,False,True,False,True,False,False,False,False,False,True,False,False
117,False,False,True,False,False,True,False,False,False,False,False,False,False
118,False,False,True,False,True,True,False,True,True,False,True,False,False
119,True,False,True,True,False,True,False,False,True,False,True,False,True
120,False,True,True,False,False,True,False,False,False,True,False,False,False
121,False,True,True,True,False,True,False,False,False,False,True,True,True
122,True,False,False,False,True,True,False,False,True,True,False,False,False
123,False,False,True,False,False,True,False,False,True,False,False,False,False
124,False,True,True,False,False,True,True,False,True,False,True,False,False
125,False,False,True,False,True,True,False,False,True,True,True,False,False
126,True,False,True,False,False,True,True,False,False,True,False,False,True
127,False,False,True,False,True,True,True,False,False,True,True,False,True
128,False,True,True,False,True,True,False,False,False,True,True,False,False
129,True,False,True,False,True,True,False,False,True,False,True,False,False
130,False,False,True,False,False,False,True,False,True,True,False,False,False
131,False,True,True,False,True,False,True,False,False,True,False,True,False
132,False,False,False,False,False,True,False,False,False,False,True,False,False
133,False,True,True,False,True,True,False,False,False,True,False,False,False
134,True,False,True,False,True,False,False,False,False,True,True,False,False
135,False,False,False,False,False,True,False,False,False,True,True,False,False
136,False,False,True,False,True,False,False,False,False,True,False,False,False
137,True,False,True,True,True,True,False,False,False,True,False,False,True
138,False,True,True,True,True,True,True,False,False,False,True,False,True
139,True,False,True,False,True,True,True,False,True,False,False,False,False
140,False,False,False,False,True,True,True,False,False,True,True,True,True
141,False,False,True,False,True,True,True,False,False,True,True,False,True
142,False,False,True,False,False,True,False,False,False,True,False,False,False
143,False,True,True,False,True,True,False,False,True,False,True,False,False
144,False,False,True,True,True,True,False,True,False,False,True,True,True
145,False,False,True,False,True,True,False,False,True,True,True,False,False
146,True,False,True,False,False,True,True,False,False,True,False,False,True
147,False,True,True,False,False,True,False,False,False,True,True,False,False
148,False,True,True,False,False,True,False,False,False,True,False,False,False
149,False,False,True,False,True,True,False,False,False,False,True,False,False
150,False,True,False,False,False,False,False,False,False,True,True,False,False
151,False,False,False,False,False,True,False,False,True,True,False,True,False
152,False,True,True,False,True,True,False,False,False,False,True,True,False
153,False,True,True,False,False,True,True,False,False,True,False,False,True
154,True,False,True,False,True,False,True,False,False,False,True,False,False
155,True,True,True,False,True,False,True,False,False,True,True,True,True
156,True,True,True,False,True,False,False,False,True,True,False,False,False
157,False,True,True,False,True,True,False,False,False,True,True,True,False
158,False,False,True,False,True,True,False,False,False,True,True,False,False
159,True,True,True,False,True,True,False,False,False,True,False,False,True
160,False,False,True,False,False,True,True,False,True,True,False,True,True
161,False,True,True,False,True,False,False,False,False,False,True,False,False
162,False,False,False,False,True,True,True,False,True,True,True,True,False
163,False,False,False,False,True,True,False,False,True,True,False,False,False
164,False,False,True,False,False,True,False,False,False,True,False,False,False
165,True,False,True,False,True,True,False,False,False,True,False,True,False
166,True,False,True,True,False,True,False,False,False,False,True,False,True
167,False,True,True,False,False,True,False,False,False,False,False,False,False
168,False,False,True,False,True,True,False,False,False,False,False,False,False
169,True,False,True,False,False,True,False,False,False,False,False,False,False
170,False,False,True,False,True,True,False,False,True,False,True,False,False
171,False,False,True,False,False,True,False,False,False,True,True,False,False
172,True,False,True,False,True,True,False,False,True,False,True,False,False
173,False,False,True,False,False,True,False,False,False,False,True,False,False
174,False,False,True,False,True,True,True,False,False,True,False,False,False
175,False,False,True,False,True,True,False,False,False,True,False,False,False
176,False,True,True,False,True,False,False,False,False,True,False,False,False
177,False,False,True,False,True,True,False,False,True,True,True,False,False
178,False,True,True,False,True,True,False,False,False,True,False,True,False
179,True,False,True,False,True,False,False,False,False,True,False,False,False
180,True,False,True,False,True,True,False,False,True,True,False,False,False
181,True,False,True,False,True,True,False,False,True,True,True,True,False
182,True,True,True,False,True,True,True,False,True,False,False,False,False
183,False,True,False,False,True,True,False,False,False,False,True,False,False
184,False,False,True,False,False,True,True,False,False,True,True,False,False
185,False,True,True,False,False,True,False,False,True,False,True,True,False
186,False,False,True,False,True,False,False,False,False,False,True,False,False
187,False,True,True,False,True,True,False,False,False,True,False,True,False
188,True,False,True,False,True,True,False,False,False,True,True,False,False
189,False,False,True,False,False,False,False,False,False,False,True,False,False
190,False,True,True,False,True,False,False,False,False,False,True,False,False
191,False,False,True,False,False,True,True,False,True,False,True,False,False
192,True,True,False,False,True,True,False,False,False,True,True,False,True
193,False,True,True,False,True,False,False,False,False,True,True,False,False
194,False,False,True,False,True,False,False,False,False,True,False,False,False
195,False,False,True,False,False,False,False,False,True,False,True,False,False
196,False,True,False,False,True,True,False,False,False,True,False,False,False
197,False,False,True,False,True,False,False,True,False,True,True,False,False
198,False,False,False,True,False,True,False,False,False,True,True,False,True
199,True,False,False,False,False,True,True,False,False,True,False,True,False
200,True,False,True,False,True,True,False,False,False,True,True,False,False
201,False,False,True,False,False,False,False,False,False,True,False,False,False
202,False,True,True,False,True,True,False,False,False,True,False,False,False
203,False,False,True,False,False,True,False,False,False,True,True,False,False
204,False,True,True,False,False,False,True,False,False,True,True,True,False
205,False,False,False,False,False,True,True,False,False,True,False,False,False
206,False,False,True,False,False,True,False,False,False,True,True,False,False
207,False,False,False,False,True,True,False,False,False,True,True,False,False
208,False,True,True,False,True,False,False,False,False,False,True,True,False
209,False,False,False,False,False,True,False,False,True,True,True,False,False
210,False,False,True,False,False,True,False,False,True,True,True,False,False
211,False,False,True,False,False,True,False,False,False,True,False,False,False
212,False,False,False,False,True,False,False,False,False,True,False,False,False
213,False,False,True,False,True,False,False,False,False,True,True,False,False
214,False,False,True,False,True,True,True,False,True,True,True,False,True
215,False,True,True,False,False,True,False,False,False,False,True,False,False
216,False,False,False,True,False,True,False,False,False,True,False,False,True
217,False,False,True,True,True,True,False,False,False,True,True,True,True
218,True,True,True,False,False,False,False,False,False,False,True,False,True
219,False,False,True,False,True,False,False,False,False,True,False,False,False
220,False,False,True,False,True,True,False,False,False,True,False,False,False
221,False,False,True,False,False,False,False,False,False,True,False,False,False
222,False,False,True,False,True,True,True,False,False,True,True,False,True
223,False,False,True,True,False,True,True,False,True,True,False,False,True
224,True,False,True,True,True,False,False,False,False,False,True,False,False
225,False,False,False,False,True,False,False,False,False,False,True,False,False
226,False,True,False,False,True,True,False,False,False,True,True,False,False
227,False,False,True,False,True,True,True,False,False,False,False,True,False
228,False,False,True,False,True,False,False,False,False,True,False,False,False
229,False,False,True,False,False,True,False,False,True,True,False,False,False
230,True,False,True,False,True,True,False,False,True,False,True,True,False
231,False,False,True,False,False,True,False,False,False,False,True,False,False
232,False,False,False,True,False,True,False,False,False,True,True,False,True
233,True,False,False,False,True,True,False,False,False,False,False,False,False
234,True,False,False,False,False,True,False,False,True,True,True,False,False
235,False,False,True,False,False,True,True,False,False,True,False,False,False
236,False,False,True,False,True,False,True,False,False,False,True,False,False
237,False,False,False,True,False,True,False,False,False,True,False,False,True
238,True,False,True,False,True,True,False,False,False,True,True,False,False
239,False,False,True,False,False,True,False,False,True,False,True,False,False
240,False,False,True,False,True,True,False,False,False,True,True,False,False
241,True,False,True,False,True,True,True,False,True,True,False,False,False
242,False,False,True,False,True,False,True,False,False,True,False,False,False
243,False,False,True,False,False,True,False,False,True,False,False,False,False
244,False,True,True,False,True,True,False,False,False,True,True,False,False
245,False,True,True,False,True,True,False,False,True,False,False,False,False
246,False,True,True,False,True,True,False,False,True,True,False,False,False
247,False,True,True,False,False,True,False,False,False,False,True,False,False
248,True,True,True,False,True,False,False,False,False,True,True,False,False
249,False,False,True,False,True,True,False,False,False,False,False,False,False
250,True,True,True,False,True,True,False,False,False,False,False,False,True
251,False,True,True,False,False,False,False,False,False,True,True,False,False
252,False,False,True,False,True,True,True,True,False,True,True,False,True
253,True,False,False,False,False,True,True,False,False,True,False,False,False
254,False,False,True,False,False,True,False,False,False,False,False,False,False
255,False,False,True,False,True,True,False,False,False,True,True,False,False
256,True,False,True,False,True,True,True,False,False,True,False,False,False
257,False,False,True,False,True,True,False,False,False,True,True,True,False
258,False,False,False,False,False,True,True,False,False,True,True,True,True
259,False,False,True,True,True,True,False,False,False,True,False,True,True
260,True,True,True,False,True,True,False,False,False,True,False,False,True
261,True,True,False,False,True,True,True,False,False,True,False,False,True
262,False,False,True,False,True,True,False,False,False,True,False,False,False
263,False,False,True,False,False,True,False,False,False,True,True,False,False
264,True,True,True,False,False,True,True,False,False,True,True,False,True
265,False,False,True,False,True,False,False,False,False,True,True,False,False
266,False,False,False,False,True,True,False,False,False,True,False,False,False
267,True,True,True,False,False,True,False,False,False,True,True,False,False
268,False,False,False,False,False,False,False,False,True,True,True,False,False
269,True,False,True,False,True,True,False,False,True,True,True,False,False
270,False,False,True,False,True,True,False,False,True,False,True,False,False
271,False,False,True,False,True,False,False,False,False,False,True,False,False
272,False,False,False,False,True,False,False,False,False,False,False,False,False
273,False,False,False,False,True,True,False,True,False,True,False,False,False
274,False,False,False,False,False,True,False,False,False,True,False,True,False
275,True,False,True,False,True,True,False,False,True,True,False,False,False
276,False,False,True,True,True,True,False,False,False,False,True,False,True
277,False,False,True,False,True,True,False,False,False,True,True,False,False
278,False,False,False,True,True,False,False,False,False,False,False,False,False
279,False,False,True,False,True,True,True,False,True,False,True,True,False
280,False,False,True,True,True,False,False,False,True,False,True,False,True
281,False,True,True,False,False,True,False,False,False,True,True,False,False
282,False,False,True,False,True,True,True,False,True,False,True,False,False
283,False,False,True,False,True,False,False,False,False,True,True,False,False
284,False,False,False,False,True,False,False,False,False,True,True,True,False
285,False,False,True,False,True,True,True,False,True,True,True,False,False
286,False,False,False,False,True,False,False,False,False,True,False,False,False
287,False,False,True,False,True,True,False,True,False,False,True,False,False
288,False,False,True,False,True,True,False,False,False,True,True,False,False
289,True,False,True,False,True,True,False,False,False,True,True,False,False
290,False,False,True,False,True,True,False,False,False,False,True,False,False
291,True,True,True,False,True,True,False,False,False,True,False,False,True
292,True,True,True,False,True,False,True,False,False,True,True,False,True
293,False,False,True,False,True,True,True,False,True,False,True,False,False
294,False,False,True,False,True,True,False,True,True,True,True,False,False
295,False,False,True,False,True,True,False,False,False,True,False,False,False
296,True,True,True,False,False,True,False,False,True,False,False,False,True
297,False,False,True,True,True,True,True,False,False,True,False,False,True
298,False,False,False,False,False,True,False,False,False,True,False,False,False
299,True,True,False,False,False,True,False,False,False,True,False,False,True
300,False,False,True,False,False,False,False,False,False,False,True,False,False
301,False,False,True,False,True,True,False,False,False,True,True,False,False
302,False,True,True,True,True,True,False,False,False,True,False,False,True
303,True,False,True,False,True,False,False,False,False,True,False,False,False
304,False,False,True,False,True,False,False,False,False,False,False,False,False
305,False,True,True,False,False,True,False,False,False,False,True,False,False
306,False,False,True,True,True,False,False,False,False,True,False,False,True
307,False,False,True,False,False,False,False,True,True,True,True,False,False
308,False,False,True,False,True,True,False,False,False,True,False,False,False
309,False,True,True,False,True,False,False,False,True,True,False,False,False
310,True,False,True,False,True,True,False,False,False,True,False,False,False
311,False,False,True,False,False,True,False,False,True,True,True,True,False
312,False,False,True,False,False,True,False,False,False,True,True,False,False
313,False,False,True,False,False,True,True,False,False,True,True,False,False
314,True,False,True,False,True,True,True,False,True,True,True,True,False
315,False,False,True,False,True,True,True,False,False,True,False,True,True
316,True,True,False,True,False,False,True,False,False,False,True,False,True
317,False,True,True,False,False,True,True,False,False,False,False,True,False
318,False,False,True,True,True,True,True,False,False,True,True,False,True
319,False,True,True,False,False,True,False,False,False,False,False,False,False
320,True,True,True,False,True,True,False,False,False,True,True,False,True
321,True,False,True,False,True,True,False,False,True,True,True,False,False
322,False,False,False,False,True,False,False,False,False,True,False,False,False
323,False,True,True,False,False,True,False,False,False,False,True,True,False
324,False,True,True,False,False,True,False,False,False,False,True,False,False
325,False,False,False,False,True,True,False,False,False,True,False,False,False
326,False,True,True,False,True,False,True,False,False,True,True,False,False
327,False,True,True,False,False,True,False,False,False,True,False,False,False
328,False,False,True,False,True,True,False,False,True,False,True,False,False
329,False,True,True,False,False,True,False,False,False,True,False,False,False
330,True,True,True,False,True,True,False,False,False,False,True,False,True
331,False,True,True,False,False,True,False,False,False,True,True,False,False
332,True,False,True,False,False,True,False,False,False,True,False,False,False
333,False,False,True,False,False,True,False,False,False,True,True,False,False
334,False,False,True,False,True,True,True,False,True,False,False,False,False
335,False,True,False,False,False,True,False,False,False,False,False,True,False
336,False,True,True,True,False,False,False,False,True,False,True,False,True
337,False,True,True,False,True,False,False,False,True,False,True,False,False
338,False,False,True,True,True,False,False,False,False,False,True,False,True
339,False,True,True,False,True,False,False,False,True,False,False,False,False
340,False,False,False,False,True,False,False,False,False,True,False,False,False
341,True,False,True,False,True,True,False,True,False,True,False,False,False
342,True,False,True,True,True,True,False,False,False,True,True,True,True
343,False,False,False,True,True,False,False,False,True,False,False,True,True
344,True,False,True,False,False,True,True,False,False,False,False,True,False
345,True,False,True,False,False,True,False,False,True,False,True,True,False
346,True,True,False,False,True,True,False,False,False,True,False,False,True
347,False,True,False,False,False,True,False,False,False,True,True,False,False
348,False,False,True,False,False,True,False,False,True,True,False,True,False
349,False,True,True,False,True,True,False,False,True,True,False,False,False
350,True,False,True,False,False,True,True,False,False,False,True,False,False
351,False,True,False,False,True,True,False,False,False,True,True,False,False
352,True,False,True,False,False,False,False,False,True,True,True,False,False
353,False,False,False,False,False,True,False,False,False,False,False,False,False
354,False,False,False,False,True,False,False,False,False,True,True,False,False
355,True,False,True,False,False,True,False,False,True,True,True,False,False
356,True,True,True,False,False,False,False,False,True,True,False,False,True
357,True,False,True,True,False,True,False,False,False,False,True,True,True
358,False,True,True,False,False,True,False,False,False,False,False,False,False
359,False,True,True,False,True,True,False,False,False,False,True,False,False
360,True,True,True,False,False,True,False,True,False,False,True,False,True
361,False,False,True,False,False,True,False,False,False,False,True,True,False
362,True,False,True,False,False,True,False,False,False,True,False,False,False
363,True,False,True,False,False,True,False,False,False,False,False,False,False
364,True,True,True,False,True,True,False,False,False,False,False,False,True
365,False,False,True,False,False,True,False,False,True,False,False,False,False
366,False,False,True,False,True,False,False,False,True,True,False,False,False
367,False,False,False,False,True,True,False,False,False,True,False,False,False
368,True,False,True,False,True,False,False,False,True,False,True,False,False
369,True,False,True,False,True,True,False,False,False,True,True,False,False
370,False,True,True,False,False,True,False,False,False,True,False,False,False
371,False,False,False,False,True,False,False,False,False,True,False,False,False
372,False,False,True,False,False,True,False,False,False,False,True,True,False
373,False,False,True,False,False,True,False,False,True,True,False,False,False
374,False,True,True,False,False,False,False,False,False,False,True,False,False
375,False,False,True,False,True,True,True,False,True,False,False,False,False
376,True,False,True,False,True,True,False,False,False,False,False,False,False
377,False,False,False,False,True,True,False,False,False,True,False,False,False
378,False,False,True,False,False,True,False,False,True,True,True,False,False
379,False,True,True,False,True,True,False,False,False,True,True,False,False
380,True,False,True,False,False,True,False,False,False,True,True,False,False
381,False,False,True,False,True,True,False,False,False,True,False,False,False
382,False,True,True,False,True,False,False,False,True,False,False,False,False
383,True,False,True,False,True,True,False,False,False,False,True,False,False
384,False,False,True,False,True,True,False,False,False,True,False,False,False
385,True,True,True,False,True,True,False,False,False,True,True,False,False
386,True,True,True,False,True,False,False,False,True,True,True,False,True
387,False,False,False,False,True,False,False,False,True,True,True,True,False
388,True,False,True,False,True,False,False,False,False,True,True,False,False
389,False,False,True,False,False,True,False,False,False,False,True,False,False
390,False,False,True,True,True,True,False,False,False,True,True,False,True
391,False,True,True,False,False,True,True,False,False,False,False,False,False
392,False,False,True,False,True,True,True,False,False,True,False,False,True
393,False,False,False,False,False,True,False,False,False,False,True,False,False
394,True,False,True,False,True,False,False,False,False,False,True,True,False
395,False,False,True,False,False,False,False,False,False,True,True,False,False
396,False,False,False,False,True,True,False,False,False,True,True,True,False
397,False,False,True,False,True,False,False,False,True,False,False,False,False
398,True,False,True,False,False,True,False,False,True,False,False,False,False
399,False,True,True,False,False,True,False,False,False,True,True,False,False
400,False,False,True,True,True,False,False,False,False,False,True,False,True
401,True,False,False,False,True,True,False,False,False,True,False,False,False
402,False,False,True,False,True,True,False,False,False,True,False,False,False
403,False,False,False,False,True,True,False,False,False,False,True,False,False
404,False,False,True,False,False,True,False,False,False,True,False,False,False
405,False,False,False,False,True,True,False,False,False,True,True,False,False
406,False,False,False,False,True,True,False,False,False,False,True,False,False
407,False,False,True,False,True,True,False,False,False,False,False,False,False
408,False,False,False,True,True,True,False,False,True,True,True,False,True
409,False,False,True,False,False,True,False,False,True,False,False,False,False
410,False,True,True,False,True,True,False,False,False,True,True,False,False
411,False,False,True,False,True,True,False,False,False,True,True,False,False
412,False,True,True,False,False,True,True,False,True,True,False,False,False
413,False,False,True,False,True,False,False,False,False,True,True,False,False
414,False,True,True,False,True,True,False,False,False,True,False,True,False
415,False,False,True,False,True,True,False,False,False,True,True,False,False
416,False,False,False,False,False,True,True,False,False,False,True,False,False
417,False,True,False,False,True,True,False,False,False,True,True,False,False
418,False,False,False,False,True,True,False,False,False,True,True,False,False
419,True,True,False,False,True,True,True,False,False,False,True,False,True
420,False,False,True,False,False,False,True,False,False,True,True,True,False
421,False,False,True,False,False,True,False,False,False,True,True,False,False
422,True,True,False,False,False,True,False,False,False,True,True,False,False
423,False,True,True,False,False,True,False,False,True,True,True,False,False
424,False,False,True,False,True,True,False,False,False,False,True,False,False
425,False,True,True,False,True,False,True,False,False,True,True,False,False
426,True,False,True,False,True,True,False,False,False,False,True,True,False
427,False,False,True,False,True,False,False,False,False,False,True,False,False
428,False,False,False,False,False,False,False,False,False,False,True,False,False
429,False,True,True,False,False,True,False,False,True,True,False,False,False
430,False,False,True,False,False,True,False,False,False,True,True,False,False
431,False,False,True,False,True,True,False,False,False,True,True,False,False
432,False,False,True,False,False,True,True,False,False,False,True,False,False
433,True,True,True,False,True,True,False,False,True,False,False,False,True
434,False,False,True,False,True,True,False,False,False,True,True,False,False
435,False,False,True,False,True,True,True,False,False,True,False,False,False
436,False,False,True,False,False,True,False,False,False,True,False,False,False
437,True,True,False,False,True,True,False,False,False,True,True,False,True
438,False,False,False,False,False,True,False,False,False,False,False,True,False
439,True,False,True,False,True,False,False,False,False,True,False,False,False
440,False,False,True,False,True,True,True,False,False,False,True,False,False
441,True,False,True,False,False,False,False,False,False,True,False,False,False
442,False,False,True,False,True,True,False,False,False,False,False,False,False
443,False,False,False,False,True,True,True,False,False,True,False,True,True
444,False,False,True,False,False,False,False,False,False,True,True,False,False
445,False,True,True,True,True,True,False,False,True,True,True,False,True
446,True,False,True,False,True,False,False,False,False,False,True,False,False
447,False,True,False,False,True,True,False,False,False,True,True,False,False
448,False,True,True,False,True,True,False,True,False,True,False,False,False
449,False,False,True,False,True,True,True,False,False,True,False,False,True
450,False,False,False,False,True,True,False,False,False,True,True,False,False
451,True,False,True,False,False,True,False,False,False,False,True,True,False
452,False,False,True,False,True,True,False,False,True,False,True,True,False
453,False,True,True,False,True,True,False,True,False,False,False,False,False
454,False,False,True,False,False,True,False,False,False,False,True,False,False
455,False,False,False,False,True,True,False,True,False,True,False,False,False
456,False,False,True,False,True,True,False,False,False,True,True,False,False
457,True,False,True,False,True,True,True,False,False,True,True,False,True
458,False,False,True,False,True,True,False,False,True,False,False,False,False
459,True,False,True,True,False,True,True,False,False,True,True,True,True
460,False,True,True,True,True,True,False,False,False,True,True,False,True
461,True,False,True,False,True,False,False,False,False,False,False,True,False
462,False,False,True,False,True,True,False,False,False,True,False,False,False
463,False,True,True,False,False,False,False,False,True,True,True,False,False
464,False,False,True,False,True,True,True,True,False,True,True,False,False
465,False,False,False,False,True,False,False,False,False,True,True,False,False
466,False,True,True,False,True,True,False,False,True,False,True,False,False
467,False,False,False,False,False,True,False,False,False,True,False,False,False
468,False,False,True,False,True,True,False,False,True,True,False,False,False
469,False,False,True,False,True,False,False,False,False,False,True,False,False
470,False,False,True,False,True,True,False,False,False,False,True,False,False
471,False,True,True,False,True,True,False,False,False,True,True,False,False
472,False,False,True,False,True,True,False,False,True,True,False,True,False
473,False,False,True,False,True,True,False,False,False,False,True,False,False
474,False,True,True,False,False,True,True,False,False,True,False,False,True
475,False,True,True,False,True,True,False,False,True,True,True,False,False
476,False,True,True,False,False,True,False,False,False,False,False,False,False
477,False,True,False,True,False,True,False,False,False,True,False,False,True
478,False,True,True,False,True,True,False,False,False,True,False,False,False
479,False,False,True,False,True,False,False,False,True,False,False,False,False
480,False,True,True,False,True,True,False,False,False,False,False,False,False
481,False,False,False,False,True,False,False,False,False,False,False,False,False
482,True,False,True,True,False,True,True,False,False,True,False,False,True
483,False,False,False,False,False,True,True,False,True,False,True,False,False
484,False,False,True,True,True,True,True,False,False,True,False,False,True
485,False,True,True,False,True,True,False,False,False,True,False,False,False
486,False,True,False,False,True,True,False,False,False,True,False,False,False
487,False,True,True,False,False,True,False,False,False,True,False,False,False
488,True,True,True,False,False,True,False,False,True,False,True,False,True
489,True,False,True,False,True,True,False,False,False,True,True,False,False
490,False,True,True,False,True,True,False,False,True,False,False,False,False
491,False,False,True,False,True,True,False,False,True,False,True,False,False
492,False,False,True,False,True,True,False,False,False,True,True,False,False
493,True,True,True,False,True,True,False,False,False,False,False,False,True
494,False,False,True,True,True,True,False,False,True,True,True,False,True
495,False,False,True,False,True,False,True,False,False,True,True,True,False
496,True,False,True,False,True,True,False,False,False,True,False,False,False
497,False,False,True,False,True,True,True,False,False,True,False,False,True
498,False,False,True,False,True,False,False,True,True,False,False,False,False
499,False,False,True,True,True,False,False,False,True,False,False,False,True
500,True,False,True,False,True,True,False,False,False,True,True,False,False
501,False,True,False,False,True,True,False,False,True,False,False,False,False
502,False,False,True,False,True,True,False,False,False,False,True,True,False
503,False,False,True,False,False,True,False,False,False,False,True,False,False
504,False,False,True,False,True,True,True,False,True,True,False,False,False
505,False,True,True,False,True,True,False,False,True,True,True,False,False
506,False,False,False,False,False,True,True,False,False,False,True,False,False
507,False,False,True,False,False,False,False,False,False,True,False,False,False
508,False,True,True,True,False,True,False,False,False,False,True,False,False
509,False,False,False,False,True,True,False,False,False,False,True,False,False
510,True,False,True,False,True,True,False,False,False,True,True,False,False
511,False,False,True,False,True,True,True,False,True,True,True,False,False
512,False,True,True,False,False,True,False,False,False,True,True,False,False
513,False,False,True,False,True,True,False,False,False,False,True,True,False
514,False,True,True,False,True,True,False,False,True,True,False,False,False
515,True,False,True,False,True,True,False,False,False,True,False,False,False
516,False,False,True,False,False,False,False,False,False,True,False,False,False
517,True,True,True,False,True,True,False,False,False,False,True,False,False
518,False,False,True,False,True,False,False,False,False,True,True,True,False
519,False,False,False,False,True,True,True,False,True,False,True,True,False
520,False,True,True,False,True,True,False,False,False,True,True,False,False
521,True,False,True,False,False,True,False,False,False,False,False,False,False
522,False,False,False,False,True,True,False,False,True,True,False,False,False
523,False,False,True,False,True,True,False,False,False,True,True,False,False
524,False,True,True,False,True,False,False,False,True,False,False,False,False
525,False,False,True,False,False,True,False,False,False,True,True,False,False
526,False,True,True,False,True,True,False,False,True,True,False,False,False
527,False,False,True,True,True,False,False,False,False,True,False,False,True
528,False,False,True,False,False,False,False,False,False,True,False,False,False
529,False,False,True,False,False,True,False,False,False,True,True,False,False
530,False,False,True,False,True,True,False,False,False,True,True,False,False
531,False,False,True,False,True,False,False,False,False,True,True,False,False
532,True,False,True,False,True,True,False,False,False,False,False,False,False
533,False,False,True,False,False,True,False,False,False,False,False,False,False
534,False,False,True,False,False,True,False,False,False,True,False,False,False
535,False,True,True,False,True,False,False,False,False,False,True,False,False
536,True,False,True,False,True,True,False,False,True,False,False,False,False
537,False,False,True,False,True,True,True,False,False,False,False,False,False
538,False,False,True,False,True,False,False,False,False,True,False,False,False
539,True,True,True,False,True,False,True,False,False,False,True,False,True
540,True,True,True,False,False,True,False,False,True,True,True,False,True
541,False,False,False,True,False,False,False,False,True,True,False,False,True
542,False,False,True,False,True,True,False,False,False,True,False,True,False
543,False,True,True,False,True,True,False,False,True,True,False,False,False
544,False,True,True,False,True,True,True,False,True,True,True,False,True
545,False,False,True,False,True,True,False,False,False,True,True,False,False
546,False,False,False,False,True,True,False,False,False,False,False,False,False
547,False,False,False,False,False,True,False,True,True,True,True,True,False
548,False,True,True,True,True,True,True,False,False,False,True,False,True
549,False,False,True,False,False,True,False,False,False,True,True,True,False
550,False,True,True,True,False,False,True,False,False,True,True,False,True
551,False,False,True,False,False,True,True,False,False,True,False,False,False
552,False,False,False,False,True,False,False,True,False,True,False,False,False
553,True,False,True,False,True,True,False,False,False,True,True,False,False
554,False,False,True,False,False,False,True,True,False,True,False,False,False
555,True,True,False,False,False,True,False,False,False,False,True,False,True
556,True,False,True,False,True,True,False,False,False,True,True,False,False
557,False,False,False,False,True,True,False,False,False,True,True,False,False
558,False,False,False,False,False,True,False,False,False,True,False,False,False
559,False,False,True,False,False,True,False,False,False,True,False,True,False
560,True,True,True,False,True,True,True,False,True,True,True,False,True
561,False,True,False,False,True,True,False,True,False,True,False,True,False
562,False,False,True,False,False,False,False,False,False,True,False,True,False
563,False,False,True,True,False,True,False,False,False,False,False,False,True
564,False,False,True,False,False,True,False,False,False,False,True,False,False
565,False,True,True,False,False,True,False,False,True,True,True,True,False
566,False,False,False,False,False,True,False,False,False,False,True,False,False
567,False,False,True,True,True,True,False,False,False,True,False,False,True
568,False,False,True,False,False,True,True,False,True,True,False,False,True
569,False,False,True,False,True,True,False,True,False,False,True,False,False
570,False,False,True,False,True,True,False,False,True,False,True,False,False
571,False,False,True,True,True,False,False,False,False,True,True,False,False
572,True,True,True,False,True,False,False,False,True,True,True,True,True
573,True,False,True,False,True,True,False,False,True,True,False,False,False
574,False,False,True,False,True,False,False,False,False,False,True,False,False
575,True,True,True,False,True,True,True,False,False,True,False,False,True
576,False,False,False,False,True,False,False,False,False,False,False,False,False
577,False,True,False,False,True,True,True,False,True,False,False,False,False
578,False,False,True,False,True,False,False,False,True,True,True,False,False
579,False,False,True,False,True,True,False,False,False,True,False,False,False
580,False,False,True,False,False,True,False,False,False,False,False,False,False
581,False,False,True,True,False,True,False,False,False,True,False,False,True
582,False,False,True,False,True,True,False,False,False,True,True,False,False
583,False,False,True,False,False,False,False,False,False,True,True,False,False
584,False,False,True,False,False,True,False,False,True,False,True,True,False
585,False,True,True,False,True,False,False,False,True,False,False,False,False
586,True,False,True,False,False,False,True,False,True,False,True,False,False
587,True,True,False,False,True,True,False,False,True,True,True,True,True
588,False,False,False,False,False,True,False,False,False,False,True,False,False
589,False,False,True,False,True,True,True,False,True,True,True,False,True
590,False,True,True,False,True,True,False,False,False,True,True,False,False
591,True,True,True,False,False,True,False,False,False,False,True,True,True
592,False,False,True,False,True,True,True,False,False,False,True,True,False
593,False,False,True,False,True,False,False,False,False,True,False,False,False
594,True,False,True,False,True,False,False,False,True,True,True,False,False
595,False,False,True,True,True,True,False,False,False,False,False,False,True
596,True,False,True,False,True,True,False,False,False,True,False,True,False
597,True,False,False,False,True,False,True,False,False,True,True,False,False
598,False,False,True,False,True,True,True,False,False,True,False,False,True
599,True,True,True,False,True,True,False,False,False,True,False,False,True
600,False,False,True,False,True,False,False,False,False,True,True,False,False
601,False,True,True,False,False,True,False,False,False,True,True,True,False
602,False,True,True,False,False,True,False,False,False,True,False,False,False
603,False,True,True,False,True,True,True,False,True,True,True,False,True
604,True,True,True,False,False,True,False,False,False,False,False,False,True
605,False,False,True,False,True,True,False,False,False,True,True,False,False
606,False,False,True,False,False,False,False,True,False,False,True,False,False
607,False,False,True,False,False,True,False,False,False,False,True,False,False
608,False,False,True,False,True,True,False,False,True,True,True,False,False
609,True,True,True,False,False,True,False,False,False,True,True,True,True
610,True,False,True,False,True,False,True,False,True,False,True,False,False
611,True,True,True,False,True,True,False,False,True,True,True,True,False
612,True,True,True,True,True,False,False,False,False,True,True,False,False
613,True,False,True,False,True,True,False,False,False,True,True,False,False
614,False,False,True,False,True,True,False,False,True,True,False,False,False
615,False,False,True,False,False,True,False,False,False,False,True,True,False
616,False,False,True,True,True,True,True,False,False,True,False,False,True
617,False,False,True,False,True,True,False,False,False,True,True,False,False
618,False,False,True,False,True,False,True,False,False,True,True,False,False
619,False,True,True,False,True,True,False,False,False,True,True,False,False
620,False,False,True,False,False,True,False,False,True,True,False,False,False
621,False,False,True,False,False,False,False,False,True,True,False,False,False
622,False,False,False,True,True,False,False,False,False,False,False,True,True
623,False,True,True,False,False,False,False,False,False,True,False,False,False
624,False,False,True,False,False,False,False,False,False,False,False,True,False
625,False,True,True,False,True,True,False,False,True,True,True,False,False
626,False,True,True,False,False,True,True,False,False,True,False,False,True
627,False,True,True,False,False,True,False,False,False,True,True,False,False
628,True,True,False,False,True,True,False,False,False,True,True,False,True
629,False,False,True,False,False,True,True,False,False,True,True,False,False
630,False,True,True,False,True,True,False,False,True,False,True,False,False
631,False,True,True,False,False,True,False,False,False,True,True,False,False
632,False,True,True,False,True,True,False,False,False,True,True,False,False
633,False,False,True,False,True,True,False,True,True,True,False,False,False
634,False,False,True,False,False,False,False,False,False,True,False,False,False
635,True,False,True,False,True,True,False,False,True,True,False,False,False
636,False,True,False,False,False,True,False,False,True,True,True,True,False
637,False,False,False,False,True,True,True,False,False,True,True,False,False
638,True,True,True,False,True,True,False,False,True,True,True,True,True
639,False,False,True,True,True,False,False,False,True,False,True,False,True
640,False,False,True,False,False,False,False,False,False,True,False,False,False
641,True,False,True,False,False,True,False,False,False,False,False,False,False
642,False,True,False,False,True,True,False,False,True,True,True,False,False
643,False,False,True,False,False,True,False,False,False,True,False,False,False
644,False,False,True,False,False,True,False,False,True,True,True,False,False
645,False,False,False,False,False,False,False,False,False,True,False,False,False
646,True,False,True,False,True,True,False,False,True,True,False,False,False
647,False,False,True,False,True,False,True,False,False,True,False,True,False
648,True,True,False,True,False,False,False,False,False,True,True,False,True
649,False,False,True,False,True,False,False,False,True,False,True,False,False
650,True,True,True,False,False,True,False,False,False,True,True,False,True
651,False,False,True,False,False,True,False,False,True,True,True,False,False
652,True,False,False,True,False,True,False,False,False,False,True,False,True
653,False,False,True,False,False,True,False,False,False,False,True,False,False
654,False,False,True,False,False,True,False,False,False,False,False,False,False
655,True,True,True,False,False,True,True,False,True,True,True,True,True
656,True,True,True,True,False,True,False,False,True,True,False,False,True
657,False,False,True,False,False,False,False,False,True,True,True,False,False
658,False,False,True,False,True,True,True,False,False,True,True,False,True
659,False,False,True,False,True,False,False,False,True,False,False,False,False
660,False,False,True,True,True,True,False,False,True,True,False,False,True
661,False,True,True,False,False,True,False,False,False,False,False,False,False
662,False,False,True,False,True,False,False,False,False,True,False,False,False
663,True,False,True,True,True,True,True,True,True,False,True,False,True
664,False,True,True,False,True,True,False,False,False,True,False,False,False
665,False,True,True,False,True,True,True,False,False,True,False,False,True
666,False,False,True,False,False,True,True,False,False,True,True,False,True
667,False,False,True,False,True,False,False,False,False,False,True,False,False
668,False,False,True,False,True,False,False,False,False,False,True,False,False
669,False,False,False,False,True,False,False,False,False,True,True,False,False
670,False,True,True,False,False,True,False,False,False,False,True,False,False
671,False,False,True,False,False,False,False,False,False,False,True,False,False
672,False,False,True,True,True,False,True,False,False,False,True,False,True
673,False,True,True,False,True,True,False,False,False,False,True,False,False
674,False,False,True,False,False,True,False,False,False,True,False,False,False
675,False,False,True,False,False,True,False,False,True,True,False,False,False
676,False,True,True,False,True,False,False,False,True,False,True,False,False
677,True,False,True,False,False,False,True,False,True,True,False,False,False
678,False,False,True,False,True,True,False,False,False,True,True,True,False
679,False,True,True,False,False,True,True,False,False,False,False,False,False
680,True,False,True,False,False,True,False,False,False,True,True,False,False
681,False,False,True,False,True,False,False,False,False,True,True,False,False
682,False,False,True,False,True,True,False,False,False,True,True,False,False
683,True,True,True,False,True,True,False,False,False,False,False,True,True
684,True,True,True,False,True,False,False,False,False,False,True,False,True
685,False,True,True,False,True,True,False,True,False,True,False,True,False
686,True,False,True,False,False,False,False,False,True,True,True,True,False
687,False,False,True,False,True,True,False,False,False,True,False,False,False
688,False,False,True,False,False,True,False,False,False,False,False,False,False
689,False,False,True,False,True,False,False,False,False,True,False,False,False
690,False,True,True,False,True,True,False,False,False,True,True,False,False
691,False,False,True,False,True,True,False,False,True,True,True,False,False
692,False,False,True,False,False,True,False,False,False,False,True,False,False
693,True,True,True,False,True,True,False,False,False,False,False,False,True
694,False,False,True,False,True,True,False,False,False,True,True,False,False
695,True,False,True,False,False,True,False,False,False,True,True,False,False
696,True,False,True,False,True,True,False,False,False,True,True,False,False
697,False,False,True,False,False,True,False,False,False,True,True,False,False
698,False,True,True,False,False,True,False,False,True,True,True,False,False
699,True,False,True,True,True,True,False,True,False,True,False,False,True
700,False,False,False,False,False,True,True,False,True,True,True,False,False
701,False,False,False,False,False,True,False,False,False,False,True,True,False
702,False,False,True,True,False,True,False,False,False,True,True,False,True
703,False,True,False,False,True,True,False,False,False,True,True,False,False
704,False,True,True,False,True,True,False,False,True,True,False,False,False
705,True,False,True,False,True,False,True,False,False,False,False,False,False
706,False,False,False,False,False,True,False,False,False,True,True,True,False
707,False,True,True,False,True,True,False,False,False,True,False,False,False
708,False,True,True,False,True,False,False,False,False,True,False,False,False
709,False,False,True,False,True,False,False,False,False,True,True,False,False
710,True,False,False,False,True,True,False,False,False,False,False,True,False
711,False,False,True,False,True,True,False,False,False,False,True,True,False
712,False,True,True,False,True,True,False,False,False,False,True,False,False
713,False,False,True,True,True,True,False,False,False,True,True,False,False
714,False,False,True,False,True,True,False,False,False,True,False,False,False
715,True,False,True,False,True,False,False,False,False,True,True,True,False
716,False,False,True,True,True,True,False,False,False,False,True,False,False
717,True,True,True,False,True,True,False,False,False,True,True,False,True
718,False,False,True,False,True,True,False,False,False,True,True,False,False
719,False,False,True,False,False,True,False,False,True,True,True,True,False
720,False,False,True,False,False,True,False,False,False,True,False,False,False
721,False,False,True,False,True,False,False,False,True,False,False,False,False
722,False,True,True,False,True,True,False,False,True,True,True,False,False
723,False,False,False,False,True,True,False,False,False,False,False,True,False
724,True,True,True,False,False,True,False,False,True,True,True,False,True
725,True,True,True,False,True,True,True,False,True,True,False,False,True
726,False,True,False,False,False,True,False,False,True,True,False,True,False
727,False,True,True,True,True,True,False,False,False,True,True,False,True
728,False,False,True,False,True,True,False,False,False,True,False,False,False
729,False,False,True,False,False,False,False,False,False,True,True,True,False
730,False,True,True,True,True,True,False,False,False,False,True,False,True
731,False,True,True,False,True,True,False,True,False,True,False,False,False
732,False,True,False,False,True,True,False,False,False,False,True,False,False
733,True,False,True,False,True,True,True,False,False,True,True,False,True
734,False,False,False,False,True,False,False,False,True,True,True,True,False
735,False,True,True,False,True,True,True,False,False,True,True,False,True
736,False,False,False,False,True,True,False,False,False,True,False,False,False
737,True,True,True,False,True,True,False,False,False,False,True,False,True
738,True,True,False,False,True,True,False,True,False,True,True,False,True
739,False,False,False,False,False,True,False,False,False,True,False,False,False
740,True,False,False,False,True,True,False,False,False,False,True,False,False
741,False,True,True,False,False,True,False,False,True,True,True,False,False
742,False,False,True,True,False,True,False,False,False,True,False,False,True
743,False,True,False,False,False,True,False,True,False,False,False,False,False
744,True,True,True,True,True,False,False,False,False,True,False,False,True
745,False,False,True,False,False,False,False,False,False,True,True,True,False
746,False,False,True,False,True,True,False,False,True,True,False,False,False
747,False,False,True,False,False,True,False,False,True,True,False,False,False
748,False,True,True,False,True,True,False,False,True,False,False,True,False
749,True,False,True,False,False,True,False,False,True,True,True,False,False
750,False,False,True,False,True,False,False,False,False,True,True,False,False
751,False,False,False,True,False,True,False,False,False,True,False,False,True
752,False,False,True,False,True,True,False,False,False,True,True,False,False
753,False,False,True,False,False,True,False,False,False,False,False,False,False
754,False,False,True,True,True,False,False,False,False,False,True,False,False
755,False,True,True,False,True,True,False,False,True,False,True,False,False
756,True,False,True,True,False,True,False,False,False,True,True,False,True
757,False,False,True,True,False,True,True,False,False,False,False,False,True
758,False,False,True,False,False,True,False,False,False,True,False,False,False
759,True,False,False,False,False,False,False,False,True,True,True,False,False
760,False,False,False,False,False,True,False,False,False,False,True,False,False
761,False,False,False,False,True,True,False,False,False,True,True,True,False
762,False,False,True,False,False,False,False,False,True,False,True,False,False
763,True,True,True,True,True,True,False,False,False,True,False,False,True
764,True,False,True,False,True,False,False,False,False,False,True,False,False
765,False,True,True,False,True,True,False,False,False,True,True,False,False
766,True,True,True,False,True,False,False,False,True,False,False,False,True
767,False,True,True,True,True,True,False,False,False,True,False,False,True
768,False,True,True,False,True,True,False,False,False,False,True,False,False
769,False,False,True,False,True,False,False,False,False,True,True,False,False
770,False,False,True,False,False,False,False,False,False,True,True,False,False
771,False,False,True,False,True,True,False,False,False,True,True,False,False
772,False,False,True,False,False,True,False,False,False,True,False,False,False
773,True,False,True,False,False,True,False,False,False,True,True,True,False
774,True,False,False,False,False,True,False,False,False,True,True,False,False
775,False,False,True,False,False,True,False,False,True,False,True,False,False
776,False,False,True,False,False,True,True,False,False,True,False,False,True
777,False,False,True,False,True,True,False,True,False,True,True,False,False
778,True,False,True,False,True,True,False,False,False,True,True,True,False
779,False,False,True,False,False,False,False,False,False,True,True,False,False
780,False,False,True,False,True,True,False,False,False,True,True,False,False
781,False,False,True,False,True,False,False,False,False,True,False,False,False
782,True,True,True,False,True,True,False,False,False,True,False,False,True
783,False,False,True,False,True,True,False,True,False,False,False,True,False
784,False,True,True,True,True,True,False,False,False,True,True,False,True
785,False,False,True,False,True,True,False,False,False,False,False,False,False
786,False,False,True,False,False,True,False,False,False,True,True,False,False
787,False,True,True,True,True,True,False,False,False,True,True,False,True
788,False,False,False,False,False,True,True,False,True,False,True,False,False
789,False,True,False,False,True,True,True,False,True,True,True,False,True
790,True,False,True,False,True,True,False,False,True,True,True,False,False
791,False,False,False,False,True,True,False,False,False,True,False,False,False
792,False,False,True,True,True,True,True,False,False,True,True,False,True
793,True,True,False,False,True,True,True,False,False,True,True,True,True
794,False,False,True,False,True,False,False,False,False,True,True,False,False
795,False,False,True,False,False,True,True,False,False,True,False,False,True
796,False,False,True,False,False,True,False,False,True,True,True,False,False
797,False,True,False,False,True,True,False,False,False,True,False,False,False
798,False,False,True,False,True,False,False,False,False,True,False,True,False
799,False,False,True,False,False,False,False,False,False,False,True,False,False
800,False,True,True,False,True,True,False,False,False,True,True,True,False
801,False,False,True,False,False,True,False,False,False,True,True,False,False
802,False,True,True,False,False,False,False,False,False,True,True,False,False
803,False,False,False,False,True,True,False,False,False,True,True,False,False
804,False,True,True,False,True,False,False,False,False,True,True,False,False
805,False,True,True,False,False,True,False,False,False,False,False,False,False
806,True,False,False,False,False,True,False,False,False,True,False,False,False
807,False,False,True,False,False,True,False,False,False,False,False,False,False
808,True,True,True,False,True,True,False,False,False,True,False,False,True
809,False,False,True,False,True,True,False,False,True,True,True,False,False
810,False,True,True,False,False,False,False,False,False,True,False,False,False
811,False,True,True,False,False,True,False,False,False,True,True,False,False
812,False,False,True,False,True,True,False,True,True,True,True,False,False
813,False,False,False,False,False,True,False,False,False,True,True,False,False
814,False,True,True,False,False,False,False,False,True,True,True,False,False
815,True,False,True,False,False,False,True,False,True,False,False,False,False
816,True,False,True,False,True,True,False,False,True,False,False,False,False
817,True,True,False,False,True,True,False,False,False,False,True,False,True
818,False,False,True,False,True,True,False,False,False,True,True,False,False
819,False,False,True,False,True,False,False,False,False,True,True,False,False
820,False,False,True,True,True,True,False,False,False,False,True,False,True
821,False,True,True,False,True,True,False,False,False,True,True,False,False
822,False,False,False,False,True,True,False,False,False,True,False,False,False
823,True,False,True,False,False,True,False,False,False,True,True,False,False
824,False,False,False,False,True,False,False,False,False,True,True,False,False
825,False,False,True,False,False,False,False,False,False,True,False,False,False
826,True,False,True,False,False,False,False,False,False,True,True,True,False
827,True,False,False,False,True,True,False,False,True,False,True,False,False
828,False,True,True,False,False,False,False,True,False,True,False,False,False
829,True,False,True,False,True,True,True,False,False,False,True,False,False
830,True,False,True,False,False,False,False,False,True,False,False,False,False
831,True,False,True,False,True,False,True,False,False,False,False,False,False
832,False,True,True,False,True,True,False,False,False,True,True,False,False
833,False,False,False,False,False,True,False,False,False,True,True,False,False
834,False,False,True,False,False,True,True,False,False,True,False,True,True
835,False,False,False,False,True,True,True,False,True,True,True,False,True
836,True,True,True,False,False,True,False,False,False,True,True,False,False
837,False,False,False,False,False,True,True,False,False,True,False,False,True
838,True,False,True,True,True,True,False,False,True,True,True,False,True
839,False,True,True,False,True,False,True,False,False,True,False,False,False
840,False,True,True,False,False,True,True,False,False,False,True,False,False
841,True,True,True,False,True,True,True,False,False,True,True,False,True
842,True,False,True,False,False,False,False,False,False,False,False,False,False
843,True,False,False,True,False,True,False,False,True,False,False,False,True
844,True,False,True,True,True,True,True,False,True,True,False,False,True
845,False,True,True,False,False,True,False,False,True,True,True,False,False
846,False,True,True,False,False,True,True,False,True,False,True,False,False
847,True,True,True,False,False,False,False,False,False,False,True,False,True
848,False,False,True,False,True,True,False,False,False,False,True,True,False
849,False,False,True,False,True,True,False,False,False,True,False,False,False
850,False,False,True,False,False,True,False,False,False,True,False,False,False
851,True,False,True,False,False,True,False,False,False,True,True,False,False
852,True,False,True,False,True,True,True,False,False,True,True,False,False
853,False,True,True,True,True,True,False,False,True,True,False,False,True
854,False,False,False,False,False,False,False,False,False,True,False,False,False
855,False,False,True,False,True,True,False,False,False,True,True,True,False
856,False,False,False,False,False,True,False,False,False,True,True,False,False
857,True,False,True,False,True,False,False,False,False,True,True,False,False
858,False,False,True,False,False,True,False,False,False,True,True,False,False
859,True,False,False,False,False,True,False,False,False,False,True,True,False
860,False,True,True,False,True,True,False,False,False,True,True,False,False
861,False,False,True,False,False,True,False,False,False,False,False,False,False
862,True,False,True,False,False,True,True,False,True,True,True,False,True
863,True,False,True,False,False,True,False,False,True,True,False,True,False
864,False,False,False,False,True,True,False,False,False,True,True,False,False
865,True,False,True,False,False,False,False,True,False,True,True,False,False
866,False,False,True,False,True,True,True,False,False,True,True,False,True
867,True,False,False,True,True,True,False,False,False,True,False,False,True
868,False,True,True,False,True,True,True,False,True,True,True,False,False
869,True,False,True,False,False,False,False,False,False,True,True,False,False
870,False,False,True,False,True,True,False,False,False,True,True,False,False
871,False,True,True,False,False,True,False,False,True,True,True,False,False
872,False,True,True,False,True,False,False,False,True,False,True,False,False
873,True,False,True,True,True,True,False,False,True,True,False,False,True
874,True,False,True,False,False,False,False,False,True,True,True,False,False
875,False,False,True,False,True,True,False,False,False,False,False,False,False
876,False,False,True,False,True,False,False,False,False,False,True,True,False
877,False,True,True,True,False,True,False,False,False,False,True,True,False
878,True,False,True,False,False,False,False,False,True,True,False,False,False
879,False,True,True,False,False,True,False,False,False,False,True,False,False
880,True,False,False,False,True,False,False,False,False,True,False,True,False
881,False,False,True,False,False,True,False,False,True,False,True,False,False
882,False,True,True,False,True,True,False,False,True,True,True,False,False
883,False,True,True,False,True,False,True,False,False,True,True,False,False
884,False,False,False,False,False,True,False,False,False,True,False,False,False
885,False,True,True,False,True,True,False,False,False,False,False,True,False
886,True,False,True,False,True,False,False,False,False,True,True,False,False
887,True,False,True,True,False,False,True,False,True,False,True,False,True
888,False,False,True,True,True,True,False,False,False,True,True,False,True
889,False,False,True,False,False,False,False,False,True,True,True,False,False
890,False,False,True,False,False,True,False,False,False,True,True,False,False
891,True,False,True,False,True,False,False,True,True,True,False,False,False
892,True,False,True,False,False,False,False,False,True,True,True,False,False
893,False,False,True,False,True,True,False,False,False,False,False,True,False
894,False,False,True,False,True,True,False,False,True,False,True,False,False
895,False,True,True,True,True,True,False,False,False,True,True,False,True
896,False,True,True,False,False,True,False,False,False,True,True,True,False
897,False,False,True,False,False,True,False,False,True,True,True,False,False
898,False,True,True,False,True,True,False,False,True,True,True,False,False
899,True,False,True,False,True,True,False,False,False,True,True,False,False
900,False,False,True,False,True,True,False,False,True,False,False,False,False
901,False,True,True,False,True,False,False,False,True,False,False,False,False
902,False,False,False,False,False,True,False,False,False,False,True,True,False
903,True,False,False,False,False,False,False,False,False,False,False,False,False
904,False,False,True,False,True,True,False,False,False,False,True,False,False
905,False,False,True,False,True,True,False,False,True,True,True,False,False
906,False,False,False,True,True,True,False,False,False,False,True,False,True
907,False,True,False,False,True,True,False,False,False,True,False,False,False
908,False,True,False,False,True,True,True,False,False,False,False,False,False
909,False,False,True,False,True,True,False,False,True,False,True,False,False
910,False,False,False,False,True,True,False,True,True,False,True,False,False
911,False,False,True,False,False,True,False,False,False,True,False,False,False
912,True,True,True,False,True,True,True,False,False,True,True,False,True
913,False,False,False,False,False,True,False,False,False,True,True,False,False
914,False,False,False,False,False,True,False,True,True,True,True,False,False
915,False,True,True,False,True,False,False,False,True,True,False,False,False
916,False,False,True,False,True,True,False,False,False,True,True,True,False
917,False,False,True,False,False,True,False,False,False,False,True,False,False
918,False,False,True,False,False,True,False,False,False,False,True,False,False
919,False,False,True,False,True,True,False,False,False,True,False,True,False
920,True,False,False,False,False,True,False,True,False,True,False,False,False
921,False,True,True,False,False,False,False,False,True,True,False,False,False
922,False,False,False,False,True,True,False,False,True,True,False,False,False
923,True,True,False,True,True,True,False,False,True,False,False,True,True
924,False,False,False,False,False,False,False,True,True,True,False,True,False
925,False,True,True,False,False,False,True,False,False,False,False,False,False
926,True,False,True,False,True,True,True,False,True,True,True,True,True
927,False,True,False,False,True,True,False,False,False,False,True,False,False
928,False,False,True,False,False,False,False,True,False,False,True,False,False
929,False,True,True,False,False,True,True,False,False,False,True,False,False
930,False,True,False,False,True,True,False,False,False,False,False,False,False
931,True,False,True,False,False,True,True,False,False,True,False,False,True
932,False,False,True,False,True,True,True,False,False,False,True,False,False
933,True,True,True,False,False,False,True,False,False,False,True,False,True
934,True,False,True,False,True,False,False,False,True,True,True,False,False
935,False,True,True,False,False,True,False,False,False,True,False,False,False
936,False,False,True,False,True,True,False,False,False,True,False,False,False
937,False,False,False,False,False,True,False,True,False,True,True,False,False
938,False,False,False,False,True,True,False,False,True,True,True,False,False
939,False,False,True,False,True,True,True,False,True,True,True,False,True
940,False,True,True,True,False,True,False,False,False,False,True,False,True
941,False,False,True,False,False,False,False,False,False,True,True,True,False
942,False,False,True,False,True,True,False,False,False,False,False,True,False
943,True,False,True,False,True,True,False,False,False,True,True,False,False
944,True,False,True,False,False,False,False,False,False,False,True,False,False
945,False,False,False,False,False,False,False,False,False,True,True,False,False
946,True,False,False,False,False,True,False,False,True,True,False,True,False
947,False,False,True,False,True,False,False,False,False,True,True,False,False
948,False,False,True,True,True,True,False,False,False,True,False,False,True
949,False,False,True,False,True,True,False,False,False,True,False,False,False
950,True,False,True,False,True,True,False,False,True,True,False,False,False
951,False,True,True,False,False,False,False,False,False,False,True,False,False
952,False,False,False,False,True,True,False,False,False,True,True,False,False
953,False,False,True,False,True,True,False,False,False,False,True,False,False
954,False,False,True,False,True,True,False,False,False,True,False,False,False
955,False,False,True,False,False,False,False,False,True,True,True,False,False
956,False,False,False,False,True,True,False,False,True,True,True,False,False
957,False,False,True,False,False,True,False,False,False,False,True,False,False
958,False,False,False,False,False,True,False,False,False,True,False,False,False
959,False,False,True,False,True,False,False,False,False,False,False,False,False
960,True,False,True,False,False,True,False,False,False,True,True,False,False
961,False,False,True,False,True,True,True,False,False,True,True,False,False
962,True,False,True,False,False,False,False,False,True,True,False,True,False
963,False,False,True,False,False,True,False,False,False,False,True,False,False
964,False,False,True,False,True,True,False,False,False,False,True,False,False
965,False,False,False,False,True,True,False,False,False,False,False,False,False
966,False,False,False,False,True,True,False,False,False,True,True,False,False
967,False,False,True,False,True,True,False,False,False,True,False,False,False
968,False,False,True,False,True,False,False,False,False,True,True,False,False
969,True,False,True,False,True,True,False,False,True,False,True,False,False
970,False,False,True,True,True,True,False,False,False,True,True,False,True
971,False,False,True,False,True,True,False,False,False,False,True,False,False
972,False,False,False,False,True,True,False,False,True,True,True,False,False
973,False,False,True,True,False,False,False,False,True,True,True,True,False
974,False,False,True,False,True,False,True,False,False,False,True,False,False
975,True,False,True,False,True,True,False,False,True,False,False,False,False
976,False,True,True,False,False,True,False,True,True,False,True,False,False
977,True,True,True,False,False,True,False,True,False,True,True,False,False
978,True,False,False,True,True,False,False,False,False,True,False,False,True
979,False,False,True,False,True,True,False,False,True,True,False,False,False
980,False,False,True,False,False,True,True,False,False,True,True,False,True
981,False,False,False,False,True,False,True,False,False,True,True,False,False
982,True,False,False,False,False,True,False,False,False,True,True,True,False
983,False,True,True,True,True,False,False,False,False,True,True,False,True
984,False,False,False,False,True,True,False,False,True,False,True,False,False
985,False,False,True,False,False,True,False,False,False,False,False,False,False
986,False,True,True,False,True,False,False,False,False,True,False,False,False
987,True,False,False,False,False,True,False,False,False,True,True,False,False
988,False,False,True,False,True,True,True,False,False,True,True,False,True
989,False,False,True,False,False,False,True,False,False,True,True,True,False
990,False,False,False,False,False,True,False,False,False,False,True,False,False
991,False,True,False,False,False,True,False,False,False,False,True,True,False
992,False,True,True,False,True,True,False,True,False,True,True,False,False
993,False,False,True,False,True,True,False,False,False,True,True,False,False
994,False,False,True,True,True,True,True,False,True,True,True,False,True
995,False,False,False,False,True,True,True,False,True,True,False,False,False
996,True,False,True,False,True,False,False,False,False,True,False,False,False
997,False,False,True,False,True,True,True,False,False,True,True,False,False
998,False,False,True,True,True,True,False,False,False,False,False,False,True
999,False,False,True,False,False,True,False,False,False,True,False,False,False
